USE `tecnica1_secundaria`;
-- Volcando estructura para tabla secundaria.grupo
CREATE TABLE IF NOT EXISTS `grupo` (
  `idg` int(11) NOT NULL,
  `grado` int(11) DEFAULT NULL,
  `grupo` varchar(3) CHARACTER SET utf8 COLLATE utf8_spanish_ci DEFAULT NULL,
  PRIMARY KEY (`idg`)
) ENGINE=InnoDB DEFAULT CHARSET=utf8 COLLATE=utf8_unicode_ci;

-- Volcando datos para la tabla secundaria.grupo: ~54 rows (aproximadamente)
/*!40000 ALTER TABLE `grupo` DISABLE KEYS */;
INSERT INTO `grupo` (`idg`, `grado`, `grupo`) VALUES
	(1, 1, 'A'),
	(2, 1, 'B'),
	(3, 1, 'C'),
	(4, 1, 'D'),
	(5, 1, 'E'),
	(6, 1, 'F'),
	(7, 1, 'G'),
	(8, 1, 'H'),
	(9, 1, 'I'),
	(10, 1, 'J'),
	(11, 1, 'K'),
	(12, 1, 'L'),
	(13, 1, 'M'),
	(14, 1, 'N'),
	(15, 1, 'O'),
	(16, 1, 'P'),
	(17, 1, 'Q'),
	(18, 2, 'A'),
	(19, 2, 'B'),
	(20, 2, 'C'),
	(21, 2, 'D'),
	(22, 2, 'E'),
	(23, 2, 'F'),
	(24, 2, 'G'),
	(25, 2, 'H'),
	(26, 2, 'I'),
	(27, 2, 'J'),
	(28, 2, 'K'),
	(29, 2, 'L'),
	(30, 2, 'M'),
	(31, 2, 'N'),
	(32, 2, 'O'),
	(33, 2, 'P'),
	(34, 2, 'Q'),
	(35, 3, 'A'),
	(36, 3, 'B'),
	(37, 3, 'C'),
	(38, 3, 'D'),
	(39, 3, 'E'),
	(40, 3, 'F'),
	(41, 3, 'G'),
	(42, 3, 'H'),
	(43, 3, 'I'),
	(44, 3, 'J'),
	(45, 3, 'K'),
	(46, 3, 'L'),
	(47, 3, 'M'),
	(48, 3, 'N'),
	(49, 3, 'O'),
	(50, 3, 'P'),
	(51, 3, 'Q'),
	(55, 1, 'TA1'),
	(56, 2, 'TA2'),
	(57, 3, 'TA3');
/*!40000 ALTER TABLE `grupo` ENABLE KEYS */;

-- Volcando estructura para tabla secundaria.horario
CREATE TABLE IF NOT EXISTS `horario` (
  `idh` int(11) NOT NULL,
  `idmat` varchar(10) CHARACTER SET utf8 COLLATE utf8_spanish_ci NOT NULL,
  `rfcp` varchar(13) CHARACTER SET utf8 COLLATE utf8_spanish_ci NOT NULL,
  `idg` int(11) NOT NULL,
  `idp` varchar(10) CHARACTER SET utf8 COLLATE utf8_spanish_ci NOT NULL,
  `turno` varchar(1) CHARACTER SET utf8 COLLATE utf8_spanish_ci NOT NULL,
  PRIMARY KEY (`idh`),
  KEY `rfcp` (`rfcp`),
  KEY `idmat` (`idmat`),
  KEY `idg` (`idg`),
  KEY `idp` (`idp`),
  CONSTRAINT `horario_ibfk_1` FOREIGN KEY (`rfcp`) REFERENCES `personal` (`rfcp`) ON DELETE CASCADE ON UPDATE CASCADE,
  CONSTRAINT `horario_ibfk_2` FOREIGN KEY (`idmat`) REFERENCES `materia` (`idmat`) ON DELETE CASCADE ON UPDATE CASCADE,
  CONSTRAINT `horario_ibfk_3` FOREIGN KEY (`idg`) REFERENCES `grupo` (`idg`) ON DELETE CASCADE ON UPDATE CASCADE,
  CONSTRAINT `horario_ibfk_4` FOREIGN KEY (`idp`) REFERENCES `periodo` (`idp`) ON DELETE CASCADE ON UPDATE CASCADE
) ENGINE=InnoDB DEFAULT CHARSET=utf8 COLLATE=utf8_unicode_ci;

-- Volcando datos para la tabla secundaria.horario: ~583 rows (aproximadamente)
/*!40000 ALTER TABLE `horario` DISABLE KEYS */;
INSERT INTO `horario` (`idh`, `idmat`, `rfcp`, `idg`, `idp`, `turno`) VALUES
	(1, 'M0001', 'P001', 1, '2020', 'V'),
	(2, 'M0002', 'P002', 1, '2020', 'V'),
	(3, 'M0003', 'P003', 1, '2020', 'V'),
	(4, 'M0004', 'P004', 1, '2020', 'V'),
	(5, 'M0005', 'P005', 1, '2020', 'V'),
	(6, 'M0006', 'P006', 1, '2020', 'V'),
	(7, 'M0007', 'P007', 1, '2020', 'V'),
	(8, 'M0008', 'P008', 1, '2020', 'V'),
	(9, 'M0009', 'P009', 1, '2020', 'V'),
	(10, 'M0010', 'P007', 1, '2020', 'V'),
	(11, 'M0011', 'P010', 1, '2020', 'V'),
	(12, 'M0001', 'P011', 2, '2020', 'V'),
	(13, 'M0002', 'P012', 2, '2020', 'V'),
	(14, 'M0003', 'P014', 2, '2020', 'V'),
	(15, 'M0004', 'P004', 2, '2020', 'V'),
	(16, 'M0005', 'P005', 2, '2020', 'V'),
	(17, 'M0006', 'P015', 2, '2020', 'V'),
	(18, 'M0007', 'P016', 2, '2020', 'V'),
	(19, 'M0008', 'P008', 2, '2020', 'V'),
	(20, 'M0009', 'P009', 2, '2020', 'V'),
	(21, 'M0010', 'P008', 2, '2020', 'V'),
	(22, 'M0011', 'P032', 2, '2020', 'V'),
	(23, 'M0001', 'P011', 3, '2020', 'V'),
	(24, 'M0002', 'P002', 3, '2020', 'V'),
	(25, 'M0003', 'P014', 3, '2020', 'V'),
	(26, 'M0004', 'P019', 3, '2020', 'V'),
	(27, 'M0005', 'P005', 3, '2020', 'V'),
	(28, 'M0006', 'P006', 3, '2020', 'V'),
	(29, 'M0007', 'P016', 3, '2020', 'V'),
	(30, 'M0008', 'P008', 3, '2020', 'V'),
	(31, 'M0009', 'P009', 3, '2020', 'V'),
	(32, 'M0010', 'P010', 3, '2020', 'V'),
	(33, 'M0011', 'P010', 3, '2020', 'V'),
	(34, 'M0001', 'P011', 4, '2020', 'V'),
	(35, 'M0002', 'P002', 4, '2020', 'V'),
	(36, 'M0003', 'P013', 4, '2020', 'V'),
	(37, 'M0004', 'P019', 4, '2020', 'V'),
	(38, 'M0005', 'P005', 4, '2020', 'V'),
	(39, 'M0006', 'P025', 4, '2020', 'V'),
	(40, 'M0007', 'P016', 4, '2020', 'V'),
	(41, 'M0008', 'P008', 4, '2020', 'V'),
	(42, 'M0009', 'P021', 4, '2020', 'V'),
	(43, 'M0010', 'P008', 4, '2020', 'V'),
	(44, 'M0011', 'P010', 4, '2020', 'V'),
	(45, 'M0001', 'P001', 5, '2020', 'V'),
	(46, 'M0002', 'P012', 5, '2020', 'V'),
	(47, 'M0003', 'P014', 5, '2020', 'V'),
	(48, 'M0004', 'P004', 5, '2020', 'V'),
	(49, 'M0005', 'P005', 5, '2020', 'V'),
	(50, 'M0006', 'P015', 5, '2020', 'V'),
	(51, 'M0007', 'P016', 5, '2020', 'V'),
	(52, 'M0008', 'P008', 5, '2020', 'V'),
	(53, 'M0009', 'P021', 5, '2020', 'V'),
	(54, 'M0010', 'P004', 5, '2020', 'V'),
	(55, 'M0011', 'P022', 5, '2020', 'V'),
	(56, 'M0001', 'P023', 6, '2020', 'V'),
	(57, 'M0002', 'P040', 6, '2020', 'V'),
	(58, 'M0003', 'P013', 6, '2020', 'V'),
	(59, 'M0004', 'P004', 6, '2020', 'V'),
	(60, 'M0005', 'P005', 6, '2020', 'V'),
	(61, 'M0006', 'P025', 6, '2020', 'V'),
	(62, 'M0007', 'P024', 6, '2020', 'V'),
	(63, 'M0008', 'P008', 6, '2020', 'V'),
	(64, 'M0009', 'P021', 6, '2020', 'V'),
	(65, 'M0010', 'P010', 6, '2020', 'V'),
	(66, 'M0011', 'P015', 6, '2020', 'V'),
	(67, 'M0001', 'P001', 18, '2020', 'V'),
	(68, 'M0002', 'P002', 18, '2020', 'V'),
	(69, 'M0003', 'P025', 18, '2020', 'V'),
	(70, 'M0015', 'P004', 18, '2020', 'V'),
	(71, 'M0007', 'P026', 18, '2020', 'V'),
	(72, 'M0006', 'P006', 18, '2020', 'V'),
	(73, 'M0008', 'P008', 18, '2020', 'V'),
	(74, 'M0009', 'P009', 18, '2020', 'V'),
	(75, 'M0010', 'P009', 18, '2020', 'V'),
	(76, 'M0011', 'P019', 18, '2020', 'V'),
	(77, 'M0001', 'P001', 19, '2020', 'V'),
	(78, 'M0002', 'P012', 19, '2020', 'V'),
	(79, 'M0003', 'P025', 19, '2020', 'V'),
	(80, 'M0015', 'P027', 19, '2020', 'V'),
	(81, 'M0007', 'P026', 19, '2020', 'V'),
	(82, 'M0006', 'P006', 19, '2020', 'V'),
	(83, 'M0008', 'P008', 19, '2020', 'V'),
	(84, 'M0009', 'P009', 19, '2020', 'V'),
	(85, 'M0010', 'P009', 19, '2020', 'V'),
	(86, 'M0011', 'P028', 19, '2020', 'V'),
	(87, 'M0001', 'P028', 20, '2020', 'V'),
	(88, 'M0002', 'P002', 20, '2020', 'V'),
	(89, 'M0003', 'P029', 20, '2020', 'V'),
	(90, 'M0015', 'P019', 20, '2020', 'V'),
	(91, 'M0007', 'P016', 20, '2020', 'V'),
	(92, 'M0006', 'P006', 20, '2020', 'V'),
	(93, 'M0008', 'P008', 20, '2020', 'V'),
	(94, 'M0009', 'P009', 20, '2020', 'V'),
	(95, 'M0010', 'P028', 20, '2020', 'V'),
	(96, 'M0011', 'P010', 20, '2020', 'V'),
	(97, 'M0001', 'P023', 21, '2020', 'V'),
	(98, 'M0002', 'P012', 21, '2020', 'V'),
	(99, 'M0003', 'P029', 21, '2020', 'V'),
	(100, 'M0015', 'P027', 21, '2020', 'V'),
	(101, 'M0007', 'ANDREA ', 21, '2020', 'V'),
	(102, 'M0006', 'P006', 21, '2020', 'V'),
	(103, 'M0008', 'P017', 21, '2020', 'V'),
	(104, 'M0009', 'P021', 21, '2020', 'V'),
	(105, 'M0010', 'P029', 21, '2020', 'V'),
	(106, 'M0011', 'P030', 21, '2020', 'V'),
	(107, 'M0001', 'P028', 22, '2020', 'V'),
	(108, 'M0002', 'P002', 22, '2020', 'V'),
	(109, 'M0003', 'P029', 22, '2020', 'V'),
	(110, 'M0015', 'P027', 22, '2020', 'V'),
	(111, 'M0007', 'ANDREA ', 22, '2020', 'V'),
	(112, 'M0006', 'P006', 22, '2020', 'V'),
	(113, 'M0008', 'P017', 22, '2020', 'V'),
	(114, 'M0009', 'P021', 22, '2020', 'V'),
	(115, 'M0010', 'P029', 22, '2020', 'V'),
	(116, 'M0011', 'P010', 22, '2020', 'V'),
	(117, 'M0001', 'P028', 23, '2020', 'V'),
	(118, 'M0002', 'P012', 23, '2020', 'V'),
	(119, 'M0003', 'P013', 23, '2020', 'V'),
	(120, 'M0015', 'P027', 23, '2020', 'V'),
	(121, 'M0007', 'ANDREA ', 23, '2020', 'V'),
	(122, 'M0006', 'P025', 23, '2020', 'V'),
	(123, 'M0008', 'P017', 23, '2020', 'V'),
	(124, 'M0009', 'P021', 23, '2020', 'V'),
	(125, 'M0010', 'ANDREA ', 23, '2020', 'V'),
	(126, 'M0011', 'P015', 23, '2020', 'V'),
	(127, 'M0001', 'P023', 35, '2020', 'V'),
	(128, 'M0002', 'P002', 35, '2020', 'V'),
	(129, 'M0003', 'P014', 35, '2020', 'V'),
	(130, 'M0025', 'P031', 35, '2020', 'V'),
	(131, 'M0007', 'P007', 35, '2020', 'V'),
	(132, 'M0006', 'P015', 35, '2020', 'V'),
	(133, 'M0008', 'P017', 35, '2020', 'V'),
	(134, 'M0009', 'P009', 35, '2020', 'V'),
	(135, 'M0010', 'P002', 35, '2020', 'V'),
	(136, 'M0011', 'P015', 35, '2020', 'V'),
	(137, 'M0001', 'P001', 36, '2020', 'V'),
	(138, 'M0002', 'P002', 36, '2020', 'V'),
	(139, 'M0003', 'P013', 36, '2020', 'V'),
	(140, 'M0025', 'P031', 36, '2020', 'V'),
	(141, 'M0007', 'P007', 36, '2020', 'V'),
	(142, 'M0006', 'P006', 36, '2020', 'V'),
	(143, 'M0008', 'P017', 36, '2020', 'V'),
	(144, 'M0009', 'P009', 36, '2020', 'V'),
	(145, 'M0010', 'P032', 36, '2020', 'V'),
	(146, 'M0011', 'P010', 36, '2020', 'V'),
	(147, 'M0001', 'P001', 37, '2020', 'V'),
	(148, 'M0002', 'P012', 37, '2020', 'V'),
	(149, 'M0003', 'P033', 37, '2020', 'V'),
	(150, 'M0025', 'P031', 37, '2020', 'V'),
	(151, 'M0007', 'P007', 37, '2020', 'V'),
	(152, 'M0006', 'P006', 37, '2020', 'V'),
	(153, 'M0008', 'P017', 37, '2020', 'V'),
	(154, 'M0009', 'P021', 37, '2020', 'V'),
	(155, 'M0010', 'P006', 37, '2020', 'V'),
	(156, 'M0011', 'P006', 37, '2020', 'V'),
	(157, 'M0001', 'P001', 38, '2020', 'V'),
	(158, 'M0002', 'P012', 38, '2020', 'V'),
	(159, 'M0003', 'P033', 38, '2020', 'V'),
	(160, 'M0025', 'P031', 38, '2020', 'V'),
	(161, 'M0007', 'P007', 38, '2020', 'V'),
	(162, 'M0006', 'P015', 38, '2020', 'V'),
	(163, 'M0008', 'P017', 38, '2020', 'V'),
	(164, 'M0009', 'P021', 38, '2020', 'V'),
	(165, 'M0010', 'P017', 38, '2020', 'V'),
	(166, 'M0011', 'P015', 38, '2020', 'V'),
	(167, 'M0001', 'P023', 39, '2020', 'V'),
	(168, 'M0002', 'P012', 39, '2020', 'V'),
	(169, 'M0003', 'P033', 39, '2020', 'V'),
	(170, 'M0025', 'P004', 39, '2020', 'V'),
	(171, 'M0007', 'P016', 39, '2020', 'V'),
	(172, 'M0006', 'P006', 39, '2020', 'V'),
	(173, 'M0008', 'P017', 39, '2020', 'V'),
	(174, 'M0009', 'P009', 39, '2020', 'V'),
	(175, 'M0010', 'P023', 39, '2020', 'V'),
	(176, 'M0011', 'P006', 39, '2020', 'V'),
	(177, 'M0001', 'P001', 40, '2020', 'V'),
	(178, 'M0002', 'P012', 40, '2020', 'V'),
	(179, 'M0003', 'P033', 40, '2020', 'V'),
	(180, 'M0025', 'P031', 40, '2020', 'V'),
	(181, 'M0007', 'P016', 40, '2020', 'V'),
	(182, 'M0006', 'P006', 40, '2020', 'V'),
	(183, 'M0008', 'P017', 40, '2020', 'V'),
	(184, 'M0009', 'P009', 40, '2020', 'V'),
	(185, 'M0010', 'P017', 40, '2020', 'V'),
	(186, 'M0011', 'P006', 40, '2020', 'V'),
	(187, '1011', 'P034', 55, '2020', 'V'),
	(188, '1011', 'P034', 56, '2020', 'V'),
	(189, '1011', 'P030', 57, '2020', 'V'),
	(190, '4011', 'P026', 55, '2020', 'V'),
	(191, '4011', 'P026', 56, '2020', 'V'),
	(192, '4011', 'P026', 57, '2020', 'V'),
	(193, '2011', 'P010', 55, '2020', 'V'),
	(194, '2011', 'P010', 56, '2020', 'V'),
	(195, '2011', 'P010', 57, '2020', 'V'),
	(196, '3011', 'P032', 55, '2020', 'V'),
	(197, '3011', 'P032', 56, '2020', 'V'),
	(198, '3011', 'P032', 57, '2020', 'V'),
	(199, '5011', 'P036', 55, '2020', 'V'),
	(200, '5011', 'P036', 56, '2020', 'V'),
	(201, '5011', 'P036', 57, '2020', 'V'),
	(202, '6011', 'MAGISTERIO', 55, '2020', 'V'),
	(203, '6011', 'MAGISTERIO', 56, '2020', 'V'),
	(204, '6011', 'MAGISTERIO', 57, '2020', 'V'),
	(208, 'M0001', 'P023', 35, '2021', 'V'),
	(209, 'M0001', 'P023', 36, '2021', 'V'),
	(210, 'M0001', 'P023', 37, '2021', 'V'),
	(211, 'M0001', 'P023', 38, '2021', 'V'),
	(212, 'M0010', 'P023', 35, '2021', 'V'),
	(213, 'M0001', 'P011', 2, '2021', 'V'),
	(214, 'M0001', 'P011', 3, '2021', 'V'),
	(215, 'M0001', 'P011', 4, '2021', 'V'),
	(216, 'M0010', 'P028', 18, '2021', 'V'),
	(217, 'M0011', 'P028', 19, '2021', 'V'),
	(218, 'M0001', 'P028', 20, '2021', 'V'),
	(219, 'M0001', 'P028', 22, '2021', 'V'),
	(220, 'M0001', 'P028', 23, '2021', 'V'),
	(221, 'M0001', 'P001', 1, '2021', 'V'),
	(222, 'M0001', 'P001', 5, '2021', 'V'),
	(223, 'M0001', 'P001', 6, '2021', 'V'),
	(224, 'M0001', 'P001', 18, '2021', 'V'),
	(225, 'M0001', 'P001', 19, '2021', 'V'),
	(226, 'M0001', 'P001', 21, '2021', 'V'),
	(227, 'M0001', 'P001', 39, '2021', 'V'),
	(228, 'M0001', 'P001', 40, '2021', 'V'),
	(229, '6011', 'MAGISTERIO', 55, '2021', 'V'),
	(230, '6011', 'MAGISTERIO', 56, '2021', 'V'),
	(231, '6011', 'MAGISTERIO', 57, '2021', 'V'),
	(232, 'M0002', 'P002', 18, '2021', 'V'),
	(233, 'M0002', 'P002', 19, '2021', 'V'),
	(234, 'M0002', 'P002', 35, '2021', 'V'),
	(235, 'M0002', 'P002', 36, '2021', 'V'),
	(236, 'M0002', 'P002', 37, '2021', 'V'),
	(237, 'M0002', 'P002', 38, '2021', 'V'),
	(238, 'M0002', 'P002', 39, '2021', 'V'),
	(239, 'M0010', 'P002', 39, '2021', 'V'),
	(240, 'M0002', 'P002', 40, '2021', 'V'),
	(241, 'M0002', 'P012', 1, '2021', 'V'),
	(242, 'M0002', 'P012', 2, '2021', 'V'),
	(243, 'M0002', 'P012', 3, '2021', 'V'),
	(244, 'M0002', 'P012', 4, '2021', 'V'),
	(245, 'M0002', 'P012', 5, '2021', 'V'),
	(246, 'M0002', 'P012', 20, '2021', 'V'),
	(247, 'M0002', 'P012', 21, '2021', 'V'),
	(248, 'M0002', 'P012', 22, '2021', 'V'),
	(249, 'M0002', 'P012', 23, '2021', 'V'),
	(250, 'M0003', 'P014', 5, '2021', 'V'),
	(251, 'M0003', 'P014', 6, '2021', 'V'),
	(252, 'M0003', 'P025', 18, '2021', 'V'),
	(254, 'M0003', 'P029', 2, '2021', 'V'),
	(255, 'M0003', 'P029', 3, '2021', 'V'),
	(256, 'M0003', 'P029', 4, '2021', 'V'),
	(257, 'M0010', 'P029', 2, '2021', 'V'),
	(258, 'M0003', 'P033', 37, '2021', 'V'),
	(259, 'M0003', 'P033', 38, '2021', 'V'),
	(260, 'M0003', 'P033', 39, '2021', 'V'),
	(261, 'M0003', 'P033', 40, '2021', 'V'),
	(262, 'M0004', 'P031', 3, '2021', 'V'),
	(263, 'M0004', 'P019', 1, '2021', 'V'),
	(264, 'M0004', 'P019', 2, '2021', 'V'),
	(265, 'M0010', 'P019', 1, '2021', 'V'),
	(266, 'M0015', 'P019', 20, '2021', 'V'),
	(267, 'M0015', 'P027', 19, '2021', 'V'),
	(268, 'M0015', 'P027', 21, '2021', 'V'),
	(269, 'M0015', 'P027', 22, '2021', 'V'),
	(270, 'M0015', 'P027', 23, '2021', 'V'),
	(271, '4011', 'P026', 55, '2021', 'V'),
	(272, 'M0025', 'P004', 35, '2021', 'V'),
	(273, 'M0025', 'P004', 36, '2021', 'V'),
	(274, 'M0025', 'P004', 37, '2021', 'V'),
	(275, 'M0025', 'P004', 38, '2021', 'V'),
	(276, 'M0025', 'P004', 40, '2021', 'V'),
	(277, '4011', 'P026', 56, '2021', 'V'),
	(278, '4011', 'P026', 57, '2021', 'V'),
	(279, '1011', 'P034', 55, '2021', 'V'),
	(280, '1011', 'P034', 56, '2021', 'V'),
	(281, '5011', 'P036', 55, '2021', 'V'),
	(282, '5011', 'P036', 56, '2021', 'V'),
	(283, '5011', 'P036', 57, '2021', 'V'),
	(284, '3011', 'P032', 55, '2021', 'V'),
	(285, '3011', 'P032', 56, '2021', 'V'),
	(286, '3011', 'P032', 57, '2021', 'V'),
	(287, '2011', 'P010', 55, '2021', 'V'),
	(288, '2011', 'P010', 56, '2021', 'V'),
	(289, '2011', 'P010', 57, '2021', 'V'),
	(290, 'M0003', 'P014', 22, '2021', 'V'),
	(291, 'M0003', 'P014', 23, '2021', 'V'),
	(292, 'M0010', 'P010', 6, '2021', 'V'),
	(293, 'M0010', 'P010', 21, '2021', 'V'),
	(294, 'M0011', 'P010', 1, '2021', 'V'),
	(295, 'M0011', 'P010', 20, '2021', 'V'),
	(296, 'M0011', 'P010', 21, '2021', 'V'),
	(297, 'M0011', 'P010', 22, '2021', 'V'),
	(299, 'M0008', 'P017', 1, '2021', 'V'),
	(300, 'M0008', 'P017', 2, '2021', 'V'),
	(301, 'M0008', 'P017', 3, '2021', 'V'),
	(302, 'M0008', 'P017', 4, '2021', 'V'),
	(303, 'M0008', 'P017', 5, '2021', 'V'),
	(304, 'M0008', 'P017', 6, '2021', 'V'),
	(305, 'M0008', 'P017', 18, '2021', 'V'),
	(306, 'M0008', 'P017', 19, '2021', 'V'),
	(307, 'M0008', 'P017', 20, '2021', 'V'),
	(308, 'M0010', 'P017', 4, '2021', 'V'),
	(309, 'M0010', 'P017', 20, '2021', 'V'),
	(310, 'M0010', 'P008', 3, '2021', 'V'),
	(311, 'M0011', 'P008', 3, '2021', 'V'),
	(312, 'M0008', 'P008', 21, '2021', 'V'),
	(313, 'M0008', 'P008', 22, '2021', 'V'),
	(314, 'M0008', 'P008', 23, '2021', 'V'),
	(315, 'M0008', 'P008', 35, '2021', 'V'),
	(316, 'M0008', 'P008', 36, '2021', 'V'),
	(317, 'M0008', 'P008', 37, '2021', 'V'),
	(318, 'M0008', 'P008', 38, '2021', 'V'),
	(319, 'M0008', 'P008', 39, '2021', 'V'),
	(320, 'M0008', 'P008', 40, '2021', 'V'),
	(321, 'M0009', 'P021', 4, '2021', 'V'),
	(322, 'M0009', 'P021', 5, '2021', 'V'),
	(323, 'M0009', 'P021', 6, '2021', 'V'),
	(324, 'M0009', 'P021', 37, '2021', 'V'),
	(325, 'M0009', 'P021', 38, '2021', 'V'),
	(326, 'M0009', 'P009', 1, '2021', 'V'),
	(327, 'M0009', 'P009', 2, '2021', 'V'),
	(328, 'M0009', 'P009', 3, '2021', 'V'),
	(329, 'M0009', 'P009', 35, '2021', 'V'),
	(330, 'M0009', 'P009', 36, '2021', 'V'),
	(331, 'M0009', 'P021', 39, '2021', 'V'),
	(332, 'M100', 'P009', 18, '2021', 'V'),
	(333, 'M0010', 'P009', 19, '2021', 'V'),
	(334, 'M0005', 'P005', 2, '2021', 'V'),
	(335, 'M0009', 'P009', 18, '2021', 'V'),
	(336, 'M0009', 'P009', 19, '2021', 'V'),
	(337, 'M0009', 'P009', 20, '2021', 'V'),
	(338, 'M0009', 'P009', 22, '2021', 'V'),
	(339, 'M0005', 'P005', 1, '2021', 'V'),
	(340, 'M0005', 'P005', 3, '2021', 'V'),
	(341, 'M0005', 'P005', 4, '2021', 'V'),
	(342, 'M0005', 'P005', 5, '2021', 'V'),
	(343, 'M0005', 'P005', 6, '2021', 'V'),
	(344, 'M0007', 'P007', 1, '2021', 'V'),
	(345, 'M0007', 'P007', 35, '2021', 'V'),
	(346, 'M0007', 'P007', 36, '2021', 'V'),
	(347, 'M0007', 'P007', 37, '2021', 'V'),
	(348, 'M0007', 'P007', 38, '2021', 'V'),
	(349, 'M0009', 'P016', 23, '2021', 'V'),
	(350, 'H01', 'P007', 38, '2021', 'V'),
	(351, 'M100', 'P007', 38, '2021', 'V'),
	(352, 'H01', 'P016', 2, '2021', 'V'),
	(353, 'H01', 'P016', 4, '2021', 'V'),
	(354, 'H01', 'P016', 5, '2021', 'V'),
	(355, 'H01', 'P016', 20, '2021', 'V'),
	(356, 'H01', 'P016', 39, '2021', 'V'),
	(357, 'H01', 'P016', 40, '2021', 'V'),
	(358, 'M0007', 'P016', 40, '2021', 'V'),
	(359, 'M0011', 'P016', 2, '2021', 'V'),
	(360, 'M0011', 'P016', 6, '2021', 'V'),
	(361, 'M0006', 'P006', 1, '2021', 'V'),
	(362, 'M0006', 'P006', 3, '2021', 'V'),
	(363, 'M0006', 'P006', 18, '2021', 'V'),
	(364, 'M0006', 'P006', 19, '2021', 'V'),
	(365, 'M0006', 'P006', 20, '2021', 'V'),
	(366, 'M0006', 'P006', 21, '2021', 'V'),
	(367, 'M0006', 'P006', 22, '2021', 'V'),
	(368, 'M0006', 'P006', 36, '2021', 'V'),
	(369, 'M0006', 'P006', 37, '2021', 'V'),
	(370, 'M0006', 'P006', 39, '2021', 'V'),
	(371, 'M0006', 'P006', 40, '2021', 'V'),
	(378, 'V001', 'P006', 36, '2021', 'V'),
	(379, 'M0010', 'P006', 37, '2021', 'V'),
	(380, 'M0010', 'P006', 40, '2021', 'V'),
	(381, 'M0006', 'P015', 2, '2021', 'V'),
	(382, 'M0006', 'P015', 5, '2021', 'V'),
	(383, 'M0006', 'P015', 6, '2021', 'V'),
	(384, 'M0001', 'M001', 1, '2021', 'M'),
	(385, 'M0001', 'M001', 2, '2021', 'M'),
	(386, 'M0001', 'M001', 3, '2021', 'M'),
	(387, 'M0001', 'M001', 4, '2021', 'M'),
	(389, 'M0006', 'P015', 35, '2021', 'V'),
	(390, 'M0006', 'P015', 38, '2021', 'V'),
	(392, 'M0007', 'ANDREA ', 3, '2021', 'V'),
	(393, 'M0007', 'ANDREA ', 21, '2021', 'V'),
	(394, 'M0007', 'ANDREA ', 22, '2021', 'V'),
	(395, 'M0007', 'ANDREA ', 23, '2021', 'V'),
	(396, 'M0010', 'ANDREA ', 23, '2021', 'V'),
	(397, 'M0007', 'ARACELI', 6, '2021', 'V'),
	(398, 'M100', 'ARACELI', 6, '2021', 'V'),
	(400, 'M0007', 'ARACELI', 18, '2021', 'V'),
	(401, 'M0007', 'ARACELI', 19, '2021', 'V'),
	(403, 'M0011', 'ARACELI', 37, '2021', 'V'),
	(404, 'M0011', 'P015', 38, '2021', 'V'),
	(405, 'M0011', 'P015', 40, '2021', 'V'),
	(406, 'A0001', 'P009', 39, '2021', 'V'),
	(407, 'A0001', 'P009', 40, '2021', 'V'),
	(408, 'M0001', 'M001', 18, '2021', 'M'),
	(409, 'M0001', 'M001', 19, '2021', 'M'),
	(410, 'M0010', 'M001', 18, '2021', 'M'),
	(411, 'M0001', 'M002', 20, '2021', 'M'),
	(412, 'M0001', 'M002', 21, '2021', 'M'),
	(413, 'M0001', 'M002', 22, '2021', 'M'),
	(414, 'M0001', 'M002', 23, '2021', 'M'),
	(415, 'M0001', 'M002', 35, '2021', 'M'),
	(416, 'M0001', 'M002', 36, '2021', 'M'),
	(417, 'M0001', 'M002', 39, '2021', 'M'),
	(418, 'M0001', 'M002', 40, '2021', 'M'),
	(419, 'M0001', 'M003', 5, '2021', 'M'),
	(420, 'M0001', 'M003', 6, '2021', 'M'),
	(421, 'M0001', 'M003', 37, '2021', 'M'),
	(422, 'M0001', 'M003', 38, '2021', 'M'),
	(423, 'M0002', 'M004', 1, '2021', 'M'),
	(424, 'M0002', 'M004', 2, '2021', 'M'),
	(425, 'M0002', 'M004', 3, '2021', 'M'),
	(426, 'M0002', 'M004', 4, '2021', 'M'),
	(427, 'M0002', 'M004', 5, '2021', 'M'),
	(428, 'M0002', 'M004', 6, '2021', 'M'),
	(429, 'M0015', 'M004', 23, '2021', 'M'),
	(430, 'M0010', 'M004', 2, '2021', 'M'),
	(431, 'M0010', 'M004', 3, '2021', 'M'),
	(432, 'M0011', 'M004', 36, '2021', 'M'),
	(433, 'M0011', 'M004', 40, '2021', 'M'),
	(434, 'M0011', 'M004', 3, '2021', 'M'),
	(435, 'M0002', 'M005', 18, '2021', 'M'),
	(436, 'M0002', 'M005', 19, '2021', 'M'),
	(437, 'M0002', 'M005', 20, '2021', 'M'),
	(438, 'M0002', 'M005', 21, '2021', 'M'),
	(439, 'M0002', 'M005', 22, '2021', 'M'),
	(440, 'M0002', 'M005', 23, '2021', 'M'),
	(441, 'M0002', 'M005', 35, '2021', 'M'),
	(442, 'M0002', 'M005', 36, '2021', 'M'),
	(443, 'M0002', 'M005', 37, '2021', 'M'),
	(444, 'M0002', 'M005', 38, '2021', 'M'),
	(445, 'M0002', 'M005', 39, '2021', 'M'),
	(446, 'M0002', 'M005', 40, '2021', 'M'),
	(447, 'M0003', 'M006', 1, '2021', 'M'),
	(448, 'M0003', 'M006', 2, '2021', 'M'),
	(449, 'M0003', 'M006', 3, '2021', 'M'),
	(450, 'M0003', 'M006', 4, '2021', 'M'),
	(451, 'M0003', 'M006', 37, '2021', 'M'),
	(452, 'M0003', 'M006', 38, '2021', 'M'),
	(453, 'M0003', 'M006', 39, '2021', 'M'),
	(454, 'M0003', 'M006', 40, '2021', 'M'),
	(455, 'M0003', 'M007', 5, '2021', 'M'),
	(456, 'M0003', 'M007', 6, '2021', 'M'),
	(457, 'M0003', 'M007', 21, '2021', 'M'),
	(458, 'M0003', 'M007', 22, '2021', 'M'),
	(459, 'M0003', 'M007', 23, '2021', 'M'),
	(460, 'M0003', 'M007', 35, '2021', 'M'),
	(461, 'M0003', 'M007', 36, '2021', 'M'),
	(462, 'M0003', 'M008', 18, '2021', 'M'),
	(463, 'M0003', 'M008', 19, '2021', 'M'),
	(464, 'M0003', 'M008', 20, '2021', 'M'),
	(465, 'M0015', 'M009', 18, '2021', 'M'),
	(466, 'M0015', 'M009', 20, '2021', 'M'),
	(467, 'M0015', 'M009', 21, '2021', 'M'),
	(468, 'M0015', 'M009', 22, '2021', 'M'),
	(469, 'M0025', 'M009', 39, '2021', 'M'),
	(470, 'M0025', 'M009', 40, '2021', 'M'),
	(471, 'M0010', 'M009', 21, '2021', 'M'),
	(472, 'M0004', 'M010', 1, '2021', 'M'),
	(473, 'M0004', 'M010', 2, '2021', 'M'),
	(474, 'M0004', 'M010', 3, '2021', 'M'),
	(475, 'M0004', 'M010', 4, '2021', 'M'),
	(476, 'M0004', 'M010', 5, '2021', 'M'),
	(477, 'M0004', 'M010', 6, '2021', 'M'),
	(478, 'M0025', 'M010', 35, '2021', 'M'),
	(479, 'M0015', 'M011', 19, '2021', 'M'),
	(480, 'M0025', 'M011', 36, '2021', 'M'),
	(481, 'M0025', 'M011', 37, '2021', 'M'),
	(482, 'M0025', 'M011', 38, '2021', 'M'),
	(483, 'H01', 'M018', 23, '2021', 'M'),
	(484, 'H01', 'M018', 35, '2021', 'M'),
	(485, 'H01', 'M018', 36, '2021', 'M'),
	(486, 'H01', 'M018', 37, '2021', 'M'),
	(487, 'H01', 'M018', 39, '2021', 'M'),
	(488, 'H01', 'M018', 38, '2021', 'M'),
	(489, 'H01', 'M018', 40, '2021', 'M'),
	(490, 'H01', 'M016', 1, '2021', 'M'),
	(491, 'H01', 'M016', 2, '2021', 'M'),
	(492, 'H01', 'M016', 3, '2021', 'M'),
	(493, 'H01', 'M016', 4, '2021', 'M'),
	(494, 'H01', 'M016', 5, '2021', 'M'),
	(495, 'H01', 'M016', 6, '2021', 'M'),
	(496, 'H01', 'M016', 18, '2021', 'M'),
	(497, 'H01', 'M016', 19, '2021', 'M'),
	(498, 'H01', 'M017', 20, '2021', 'M'),
	(499, 'H01', 'M017', 21, '2021', 'M'),
	(500, 'H01', 'M017', 22, '2021', 'M'),
	(501, 'M0010', 'M017', 22, '2021', 'M'),
	(502, 'M0011', 'M017', 4, '2021', 'M'),
	(503, 'M0011', 'M017', 35, '2021', 'M'),
	(504, 'M0006', 'M014', 1, '2021', 'M'),
	(505, 'M0006', 'M014', 2, '2021', 'M'),
	(506, 'M0006', 'M014', 3, '2021', 'M'),
	(507, 'M0006', 'M014', 4, '2021', 'M'),
	(508, 'M0006', 'M014', 5, '2021', 'M'),
	(509, 'M0006', 'M014', 6, '2021', 'M'),
	(510, 'M0006', 'M014', 18, '2021', 'M'),
	(511, 'M0006', 'M014', 19, '2021', 'M'),
	(512, 'M0006', 'M014', 20, '2021', 'M'),
	(513, 'M0006', 'M014', 21, '2021', 'M'),
	(514, 'M0006', 'M014', 22, '2021', 'M'),
	(515, 'M0006', 'M014', 23, '2021', 'M'),
	(516, 'M0010', 'M014', 4, '2021', 'M'),
	(517, 'M0010', 'M014', 20, '2021', 'M'),
	(518, 'M0005', 'M013', 5, '2021', 'M'),
	(519, 'M0005', 'M013', 6, '2021', 'M'),
	(520, 'M0006', 'M013', 37, '2021', 'M'),
	(521, 'M0006', 'M013', 39, '2021', 'M'),
	(522, 'M0006', 'M015', 35, '2021', 'M'),
	(523, 'M0006', 'M015', 36, '2021', 'M'),
	(524, 'M0006', 'M015', 38, '2021', 'M'),
	(525, 'M0006', 'M015', 40, '2021', 'M'),
	(526, 'M0011', 'M015', 21, '2021', 'M'),
	(527, 'M0005', 'M012', 1, '2021', 'M'),
	(528, 'M0005', 'M012', 2, '2021', 'M'),
	(529, 'M0005', 'M012', 3, '2021', 'M'),
	(530, 'M0005', 'M012', 4, '2021', 'M'),
	(531, 'M0008', 'M021', 18, '2021', 'M'),
	(532, 'M0008', 'M021', 19, '2021', 'M'),
	(533, 'M0008', 'M021', 20, '2021', 'M'),
	(534, 'M0008', 'M021', 21, '2021', 'M'),
	(535, 'M0008', 'M021', 22, '2021', 'M'),
	(536, 'M0008', 'M021', 23, '2021', 'M'),
	(537, 'M0008', 'M021', 35, '2021', 'M'),
	(538, 'M0008', 'M021', 36, '2021', 'M'),
	(539, 'M0008', 'M021', 38, '2021', 'M'),
	(540, 'M0010', 'M021', 23, '2021', 'M'),
	(541, 'M0010', 'M021', 35, '2021', 'M'),
	(542, 'M0008', 'M022', 1, '2021', 'M'),
	(543, 'M0008', 'M022', 2, '2021', 'M'),
	(544, 'M0008', 'M022', 3, '2021', 'M'),
	(545, 'M0008', 'M022', 4, '2021', 'M'),
	(546, 'M0008', 'M022', 5, '2021', 'M'),
	(547, 'M0008', 'M022', 6, '2021', 'M'),
	(548, 'M0008', 'M022', 37, '2021', 'M'),
	(549, 'M0008', 'M022', 39, '2021', 'M'),
	(550, 'M0008', 'M022', 40, '2021', 'M'),
	(551, 'M0010', 'M022', 6, '2021', 'M'),
	(552, 'M0010', 'M022', 39, '2021', 'M'),
	(553, 'M0011', 'M022', 22, '2021', 'M'),
	(554, 'M0009', 'M023', 2, '2021', 'M'),
	(555, 'M0009', 'M023', 4, '2021', 'M'),
	(556, 'M0009', 'M023', 6, '2021', 'M'),
	(557, 'M0009', 'M023', 19, '2021', 'M'),
	(558, 'M0009', 'M023', 20, '2021', 'M'),
	(559, 'M0009', 'M023', 21, '2021', 'M'),
	(560, 'M0009', 'M023', 22, '2021', 'M'),
	(561, 'M0009', 'M023', 23, '2021', 'M'),
	(562, 'M0009', 'M019', 5, '2021', 'M'),
	(563, 'M0009', 'M019', 18, '2021', 'M'),
	(564, 'M0009', 'M019', 35, '2021', 'M'),
	(565, 'M0009', 'M019', 36, '2021', 'M'),
	(566, 'M0009', 'M019', 37, '2021', 'M'),
	(567, 'M0009', 'M019', 38, '2021', 'M'),
	(568, 'M0009', 'M019', 39, '2021', 'M'),
	(569, 'M0009', 'M019', 40, '2021', 'M'),
	(570, 'M0010', 'M026', 38, '2021', 'M'),
	(571, 'M0010', 'M026', 36, '2021', 'M'),
	(572, 'M0011', 'M026', 18, '2021', 'M'),
	(573, 'M0011', 'M026', 20, '2021', 'M'),
	(574, 'M0011', 'M026', 2, '2021', 'M'),
	(575, 'M0011', 'M026', 5, '2021', 'M'),
	(576, 'M0010', 'M028', 19, '2021', 'M'),
	(577, 'M0010', 'M028', 1, '2021', 'M'),
	(578, 'M0009', 'M020', 1, '2021', 'M'),
	(579, 'M0010', 'M024', 40, '2021', 'M'),
	(580, 'M0011', 'M024', 39, '2021', 'M'),
	(581, 'M0011', 'M024', 38, '2021', 'M'),
	(582, 'M0010', 'M024', 37, '2021', 'M'),
	(583, 'M0011', 'M024', 19, '2021', 'M'),
	(584, 'M0010', 'P032', 36, '2021', 'V'),
	(585, 'M0011', 'M024', 1, '2021', 'M'),
	(586, 'M0009', 'M020', 3, '2021', 'M'),
	(587, 'M0011', 'M030', 6, '2021', 'M'),
	(588, 'M0011', 'M030', 23, '2021', 'M'),
	(589, 'M0010', 'M030', 5, '2021', 'M'),
	(590, 'M0011', 'M026', 37, '2021', 'M'),
	(592, 'M0006', 'ARACELI', 4, '2021', 'V'),
	(593, 'M0006', 'ARACELI', 23, '2021', 'V'),
	(594, 'M0011', 'P006', 39, '2021', 'V'),
	(595, 'M0011', 'P010', 5, '2021', 'V'),
	(596, 'M0011', 'P010', 18, '2021', 'V'),
	(597, 'M0011', 'P010', 35, '2021', 'V'),
	(598, 'M0011', 'P031', 4, '2021', 'V'),
	(599, 'M0011', 'P022', 23, '2021', 'V');
/*!40000 ALTER TABLE `horario` ENABLE KEYS */;

-- Volcando estructura para tabla secundaria.imparte
CREATE TABLE IF NOT EXISTS `imparte` (
  `idh` int(11) NOT NULL,
  `idia` int(11) NOT NULL,
  `idr` int(11) NOT NULL,
  PRIMARY KEY (`idh`,`idia`,`idr`),
  KEY `idia` (`idia`),
  KEY `idr` (`idr`),
  CONSTRAINT `imparte_ibfk_1` FOREIGN KEY (`idh`) REFERENCES `horario` (`idh`) ON DELETE CASCADE ON UPDATE CASCADE,
  CONSTRAINT `imparte_ibfk_2` FOREIGN KEY (`idia`) REFERENCES `semana` (`idia`) ON DELETE CASCADE ON UPDATE CASCADE,
  CONSTRAINT `imparte_ibfk_3` FOREIGN KEY (`idr`) REFERENCES `reloj` (`idr`) ON DELETE CASCADE ON UPDATE CASCADE
) ENGINE=InnoDB DEFAULT CHARSET=utf8 COLLATE=utf8_unicode_ci;

-- Volcando datos para la tabla secundaria.imparte: ~1,085 rows (aproximadamente)
/*!40000 ALTER TABLE `imparte` DISABLE KEYS */;
INSERT INTO `imparte` (`idh`, `idia`, `idr`) VALUES
	(1, 1, 4),
	(1, 2, 1),
	(1, 3, 8),
	(1, 4, 5),
	(1, 5, 3),
	(2, 2, 2),
	(2, 4, 7),
	(2, 5, 8),
	(3, 1, 2),
	(3, 4, 1),
	(3, 4, 2),
	(3, 5, 1),
	(3, 5, 2),
	(4, 1, 1),
	(4, 2, 3),
	(4, 2, 5),
	(4, 3, 5),
	(5, 2, 6),
	(5, 4, 4),
	(5, 5, 6),
	(5, 5, 7),
	(6, 3, 6),
	(6, 4, 8),
	(7, 1, 3),
	(7, 4, 6),
	(8, 4, 3),
	(8, 5, 4),
	(9, 2, 4),
	(9, 2, 7),
	(9, 5, 5),
	(10, 3, 7),
	(11, 2, 8),
	(12, 1, 4),
	(12, 2, 1),
	(12, 3, 8),
	(12, 4, 5),
	(12, 5, 3),
	(13, 2, 2),
	(13, 4, 7),
	(13, 5, 8),
	(14, 1, 2),
	(14, 4, 1),
	(14, 4, 2),
	(14, 5, 1),
	(14, 5, 2),
	(15, 1, 1),
	(15, 2, 3),
	(15, 2, 5),
	(15, 3, 5),
	(16, 2, 6),
	(16, 4, 4),
	(16, 5, 6),
	(16, 5, 7),
	(17, 3, 6),
	(17, 4, 8),
	(18, 1, 3),
	(18, 4, 6),
	(19, 4, 3),
	(19, 5, 4),
	(20, 2, 4),
	(20, 2, 7),
	(20, 5, 5),
	(21, 3, 7),
	(22, 2, 8),
	(23, 1, 1),
	(23, 1, 2),
	(23, 2, 6),
	(23, 3, 7),
	(23, 4, 3),
	(24, 2, 4),
	(24, 3, 8),
	(24, 5, 1),
	(25, 2, 2),
	(25, 2, 3),
	(25, 4, 6),
	(25, 5, 7),
	(25, 5, 8),
	(26, 2, 7),
	(26, 4, 1),
	(26, 4, 2),
	(26, 4, 7),
	(27, 2, 1),
	(27, 2, 5),
	(27, 4, 8),
	(27, 5, 4),
	(28, 2, 8),
	(28, 5, 2),
	(29, 3, 6),
	(29, 5, 3),
	(30, 1, 3),
	(30, 4, 4),
	(31, 1, 4),
	(31, 3, 5),
	(31, 5, 6),
	(32, 5, 5),
	(33, 4, 5),
	(34, 1, 3),
	(34, 2, 3),
	(34, 2, 8),
	(34, 3, 6),
	(34, 4, 1),
	(35, 4, 6),
	(35, 5, 3),
	(35, 5, 4),
	(36, 1, 1),
	(36, 1, 2),
	(36, 4, 7),
	(36, 4, 8),
	(36, 5, 5),
	(37, 3, 7),
	(37, 3, 8),
	(37, 4, 3),
	(37, 4, 4),
	(38, 2, 4),
	(38, 4, 2),
	(38, 5, 1),
	(38, 5, 2),
	(39, 2, 6),
	(39, 3, 5),
	(40, 2, 7),
	(40, 5, 8),
	(41, 2, 2),
	(41, 4, 5),
	(42, 1, 4),
	(42, 2, 1),
	(42, 5, 6),
	(43, 2, 5),
	(44, 5, 7),
	(45, 1, 2),
	(45, 2, 4),
	(45, 3, 5),
	(45, 4, 1),
	(45, 5, 2),
	(46, 1, 4),
	(46, 2, 5),
	(46, 2, 8),
	(47, 2, 1),
	(47, 4, 7),
	(47, 4, 8),
	(47, 5, 4),
	(47, 5, 6),
	(48, 2, 7),
	(48, 3, 8),
	(48, 4, 4),
	(48, 5, 5),
	(49, 2, 3),
	(49, 4, 5),
	(49, 4, 6),
	(49, 5, 3),
	(50, 4, 3),
	(50, 5, 7),
	(51, 1, 3),
	(51, 2, 6),
	(52, 1, 1),
	(52, 5, 8),
	(53, 2, 2),
	(53, 3, 6),
	(53, 3, 7),
	(54, 4, 2),
	(55, 5, 1),
	(56, 2, 6),
	(56, 3, 5),
	(56, 3, 8),
	(56, 5, 4),
	(56, 5, 7),
	(57, 1, 3),
	(57, 4, 2),
	(57, 5, 1),
	(58, 1, 4),
	(58, 2, 4),
	(58, 2, 5),
	(58, 4, 4),
	(58, 4, 5),
	(59, 2, 2),
	(59, 3, 6),
	(59, 4, 3),
	(59, 5, 6),
	(60, 1, 1),
	(60, 2, 7),
	(60, 2, 8),
	(60, 5, 8),
	(61, 3, 7),
	(61, 4, 7),
	(62, 2, 1),
	(62, 4, 1),
	(63, 1, 2),
	(63, 5, 3),
	(64, 2, 3),
	(64, 4, 8),
	(64, 5, 5),
	(65, 4, 6),
	(66, 5, 2),
	(67, 1, 8),
	(67, 2, 2),
	(67, 3, 6),
	(67, 4, 7),
	(67, 5, 4),
	(68, 2, 7),
	(68, 2, 8),
	(68, 5, 6),
	(69, 2, 3),
	(69, 2, 4),
	(69, 3, 1),
	(69, 3, 2),
	(69, 5, 1),
	(70, 1, 6),
	(70, 1, 7),
	(70, 2, 1),
	(70, 4, 5),
	(70, 5, 2),
	(70, 5, 3),
	(71, 3, 5),
	(71, 3, 8),
	(71, 5, 7),
	(71, 5, 8),
	(72, 2, 6),
	(72, 5, 5),
	(73, 1, 5),
	(73, 4, 6),
	(74, 2, 5),
	(74, 3, 3),
	(74, 3, 4),
	(75, 3, 7),
	(76, 4, 8),
	(77, 1, 7),
	(77, 2, 3),
	(77, 3, 2),
	(77, 4, 8),
	(77, 5, 1),
	(78, 2, 4),
	(78, 3, 4),
	(78, 3, 5),
	(79, 2, 1),
	(79, 2, 2),
	(79, 3, 3),
	(79, 5, 3),
	(79, 5, 4),
	(80, 1, 5),
	(80, 2, 5),
	(80, 2, 6),
	(80, 4, 7),
	(80, 5, 7),
	(80, 5, 8),
	(81, 3, 6),
	(81, 3, 7),
	(81, 5, 5),
	(81, 5, 6),
	(82, 2, 7),
	(82, 4, 5),
	(83, 1, 6),
	(83, 5, 2),
	(84, 2, 8),
	(84, 3, 1),
	(84, 4, 6),
	(85, 3, 8),
	(86, 1, 8),
	(87, 1, 5),
	(87, 2, 2),
	(87, 3, 4),
	(87, 3, 5),
	(87, 5, 5),
	(88, 2, 6),
	(88, 3, 6),
	(88, 4, 8),
	(89, 2, 7),
	(89, 2, 8),
	(89, 3, 1),
	(89, 3, 2),
	(89, 4, 5),
	(90, 2, 4),
	(90, 2, 5),
	(90, 4, 6),
	(90, 4, 7),
	(90, 5, 1),
	(90, 5, 2),
	(91, 1, 7),
	(91, 1, 8),
	(91, 3, 3),
	(91, 3, 8),
	(92, 1, 6),
	(92, 3, 7),
	(93, 2, 1),
	(93, 5, 7),
	(94, 2, 3),
	(94, 5, 3),
	(94, 5, 4),
	(95, 5, 8),
	(96, 5, 6),
	(97, 1, 5),
	(97, 2, 7),
	(97, 4, 7),
	(97, 5, 5),
	(97, 5, 6),
	(98, 2, 6),
	(98, 5, 3),
	(98, 5, 4),
	(99, 1, 7),
	(99, 1, 8),
	(99, 3, 3),
	(99, 3, 4),
	(99, 4, 8),
	(100, 1, 6),
	(100, 2, 1),
	(100, 2, 2),
	(100, 2, 4),
	(100, 3, 6),
	(100, 3, 7),
	(101, 2, 3),
	(101, 2, 5),
	(101, 3, 2),
	(101, 4, 5),
	(102, 3, 5),
	(102, 5, 1),
	(103, 2, 8),
	(103, 5, 2),
	(104, 3, 8),
	(104, 5, 7),
	(104, 5, 8),
	(105, 4, 6),
	(106, 3, 1),
	(107, 1, 6),
	(107, 1, 7),
	(107, 2, 1),
	(107, 3, 1),
	(107, 3, 2),
	(108, 2, 3),
	(108, 3, 4),
	(108, 5, 2),
	(109, 1, 5),
	(109, 2, 6),
	(109, 3, 6),
	(109, 4, 7),
	(109, 5, 7),
	(110, 2, 8),
	(110, 3, 8),
	(110, 4, 5),
	(110, 5, 1),
	(110, 5, 5),
	(110, 5, 6),
	(111, 2, 2),
	(111, 2, 7),
	(111, 3, 3),
	(111, 4, 6),
	(112, 2, 5),
	(112, 5, 3),
	(113, 3, 7),
	(113, 5, 4),
	(114, 1, 8),
	(114, 2, 4),
	(114, 3, 5),
	(115, 5, 8),
	(116, 4, 8),
	(117, 2, 4),
	(117, 3, 7),
	(117, 3, 8),
	(117, 5, 6),
	(117, 5, 7),
	(118, 2, 2),
	(118, 2, 3),
	(118, 3, 2),
	(119, 1, 5),
	(119, 1, 6),
	(119, 2, 7),
	(119, 2, 8),
	(119, 5, 8),
	(120, 1, 7),
	(120, 1, 8),
	(120, 4, 6),
	(120, 5, 1),
	(120, 5, 2),
	(120, 5, 3),
	(121, 2, 1),
	(121, 3, 1),
	(121, 4, 7),
	(121, 4, 8),
	(122, 2, 5),
	(122, 3, 5),
	(123, 2, 6),
	(123, 5, 5),
	(124, 3, 3),
	(124, 3, 4),
	(124, 4, 5),
	(125, 3, 6),
	(126, 5, 4),
	(127, 1, 8),
	(127, 2, 8),
	(127, 3, 1),
	(127, 3, 2),
	(127, 4, 5),
	(128, 1, 4),
	(128, 1, 5),
	(128, 3, 7),
	(129, 3, 3),
	(129, 3, 4),
	(129, 4, 2),
	(129, 4, 3),
	(129, 5, 5),
	(130, 1, 1),
	(130, 1, 2),
	(130, 2, 5),
	(130, 3, 5),
	(130, 3, 6),
	(130, 4, 1),
	(131, 1, 6),
	(131, 1, 7),
	(131, 2, 6),
	(131, 4, 8),
	(132, 3, 8),
	(132, 5, 6),
	(133, 2, 7),
	(133, 4, 6),
	(134, 1, 3),
	(134, 4, 7),
	(134, 5, 8),
	(135, 5, 7),
	(136, 4, 4),
	(137, 1, 5),
	(137, 2, 5),
	(137, 3, 4),
	(137, 4, 3),
	(137, 5, 5),
	(138, 1, 1),
	(138, 1, 2),
	(138, 3, 5),
	(139, 1, 7),
	(139, 1, 8),
	(139, 2, 6),
	(139, 4, 6),
	(139, 5, 6),
	(140, 1, 3),
	(140, 1, 4),
	(140, 3, 7),
	(140, 4, 2),
	(140, 5, 7),
	(140, 5, 8),
	(141, 2, 7),
	(141, 2, 8),
	(141, 3, 2),
	(141, 3, 3),
	(142, 3, 1),
	(142, 4, 4),
	(143, 1, 6),
	(143, 4, 7),
	(144, 3, 6),
	(144, 4, 1),
	(144, 4, 5),
	(145, 4, 8),
	(146, 3, 8),
	(147, 1, 6),
	(147, 2, 7),
	(147, 3, 3),
	(147, 4, 4),
	(147, 5, 7),
	(148, 1, 8),
	(148, 3, 7),
	(148, 5, 5),
	(149, 2, 6),
	(149, 3, 6),
	(149, 4, 1),
	(149, 4, 2),
	(149, 5, 8),
	(150, 1, 7),
	(150, 2, 8),
	(150, 3, 2),
	(150, 4, 7),
	(150, 4, 8),
	(150, 5, 6),
	(151, 1, 1),
	(151, 2, 5),
	(151, 3, 5),
	(151, 4, 5),
	(152, 1, 2),
	(152, 3, 4),
	(153, 1, 4),
	(153, 3, 8),
	(154, 1, 5),
	(154, 3, 1),
	(154, 4, 6),
	(155, 4, 3),
	(156, 1, 3),
	(157, 1, 1),
	(157, 2, 8),
	(157, 3, 1),
	(157, 4, 6),
	(157, 5, 8),
	(158, 1, 2),
	(158, 1, 3),
	(158, 3, 3),
	(159, 3, 4),
	(159, 3, 7),
	(159, 4, 5),
	(159, 5, 6),
	(159, 5, 7),
	(160, 1, 6),
	(160, 2, 6),
	(160, 2, 7),
	(160, 3, 8),
	(160, 4, 3),
	(160, 4, 4),
	(161, 1, 4),
	(161, 1, 5),
	(161, 3, 6),
	(161, 4, 7),
	(162, 4, 2),
	(162, 5, 5),
	(163, 3, 5),
	(163, 4, 8),
	(164, 1, 7),
	(164, 2, 5),
	(164, 3, 2),
	(165, 1, 8),
	(166, 4, 1),
	(167, 1, 6),
	(167, 1, 7),
	(167, 3, 7),
	(167, 4, 8),
	(167, 5, 8),
	(168, 2, 7),
	(168, 3, 1),
	(168, 5, 6),
	(169, 2, 5),
	(169, 3, 5),
	(169, 3, 8),
	(169, 4, 6),
	(169, 4, 7),
	(170, 1, 3),
	(170, 1, 4),
	(170, 1, 8),
	(170, 2, 6),
	(170, 2, 8),
	(170, 4, 1),
	(171, 1, 2),
	(171, 3, 4),
	(171, 5, 5),
	(171, 5, 7),
	(172, 3, 3),
	(172, 4, 2),
	(173, 1, 5),
	(173, 4, 5),
	(174, 3, 2),
	(174, 4, 3),
	(174, 4, 4),
	(175, 3, 6),
	(176, 1, 1),
	(177, 1, 3),
	(177, 2, 6),
	(177, 3, 7),
	(177, 4, 2),
	(177, 5, 6),
	(178, 1, 5),
	(178, 3, 6),
	(178, 5, 8),
	(179, 2, 7),
	(179, 2, 8),
	(179, 3, 1),
	(179, 3, 2),
	(179, 4, 8),
	(180, 1, 8),
	(180, 3, 3),
	(180, 3, 4),
	(180, 4, 5),
	(180, 4, 6),
	(180, 5, 5),
	(181, 1, 4),
	(181, 1, 6),
	(181, 2, 5),
	(181, 3, 5),
	(182, 3, 8),
	(182, 4, 1),
	(183, 1, 7),
	(183, 4, 4),
	(184, 1, 1),
	(184, 1, 2),
	(184, 5, 7),
	(185, 4, 3),
	(186, 4, 7),
	(208, 1, 3),
	(208, 2, 8),
	(208, 3, 2),
	(208, 4, 2),
	(209, 1, 4),
	(209, 2, 7),
	(209, 3, 2),
	(209, 4, 3),
	(210, 1, 2),
	(210, 2, 5),
	(210, 3, 4),
	(210, 4, 5),
	(211, 1, 1),
	(211, 2, 6),
	(211, 3, 3),
	(211, 4, 2),
	(212, 4, 7),
	(213, 1, 1),
	(213, 2, 1),
	(213, 3, 3),
	(213, 4, 1),
	(213, 4, 2),
	(214, 1, 3),
	(214, 1, 4),
	(214, 2, 2),
	(214, 3, 1),
	(214, 4, 5),
	(215, 1, 2),
	(215, 2, 3),
	(215, 4, 3),
	(215, 4, 4),
	(216, 3, 4),
	(217, 5, 6),
	(218, 1, 6),
	(218, 2, 6),
	(218, 3, 8),
	(218, 4, 6),
	(218, 5, 4),
	(219, 1, 8),
	(219, 2, 7),
	(219, 3, 6),
	(219, 4, 7),
	(219, 5, 8),
	(220, 1, 7),
	(220, 2, 8),
	(220, 3, 7),
	(220, 4, 8),
	(220, 5, 7),
	(221, 1, 2),
	(221, 3, 2),
	(221, 3, 3),
	(221, 4, 3),
	(221, 5, 3),
	(222, 1, 3),
	(222, 2, 1),
	(222, 2, 2),
	(222, 3, 4),
	(222, 4, 4),
	(223, 1, 4),
	(223, 5, 4),
	(224, 1, 5),
	(224, 2, 1),
	(224, 3, 7),
	(224, 4, 7),
	(224, 5, 1),
	(225, 1, 6),
	(225, 2, 4),
	(225, 3, 5),
	(225, 4, 8),
	(225, 5, 2),
	(226, 1, 8),
	(226, 2, 5),
	(226, 3, 6),
	(226, 4, 6),
	(226, 5, 6),
	(227, 1, 7),
	(227, 2, 7),
	(227, 3, 1),
	(227, 4, 2),
	(227, 5, 7),
	(228, 1, 1),
	(228, 2, 4),
	(228, 3, 8),
	(228, 4, 1),
	(228, 5, 8),
	(229, 1, 5),
	(229, 3, 8),
	(230, 1, 4),
	(230, 4, 4),
	(231, 5, 4),
	(232, 3, 8),
	(232, 5, 4),
	(233, 2, 6),
	(233, 3, 3),
	(233, 5, 3),
	(234, 3, 6),
	(234, 4, 4),
	(235, 3, 5),
	(235, 4, 8),
	(235, 5, 5),
	(236, 2, 8),
	(236, 3, 7),
	(237, 5, 8),
	(238, 3, 4),
	(238, 5, 6),
	(239, 4, 7),
	(241, 2, 3),
	(242, 5, 6),
	(247, 2, 1),
	(250, 1, 1),
	(250, 3, 1),
	(250, 4, 2),
	(250, 5, 2),
	(251, 1, 2),
	(251, 2, 2),
	(251, 3, 2),
	(251, 4, 2),
	(251, 5, 2),
	(252, 1, 6),
	(252, 2, 3),
	(252, 3, 1),
	(252, 4, 6),
	(252, 5, 7),
	(254, 1, 3),
	(254, 2, 3),
	(254, 3, 4),
	(254, 4, 3),
	(254, 5, 2),
	(255, 1, 2),
	(255, 2, 1),
	(255, 3, 2),
	(255, 4, 2),
	(255, 5, 3),
	(256, 1, 1),
	(256, 2, 5),
	(256, 3, 1),
	(256, 4, 1),
	(256, 5, 1),
	(257, 4, 6),
	(258, 1, 6),
	(258, 2, 6),
	(258, 3, 8),
	(258, 4, 8),
	(258, 5, 8),
	(259, 1, 5),
	(259, 2, 5),
	(259, 3, 6),
	(259, 4, 5),
	(259, 5, 7),
	(260, 1, 8),
	(260, 2, 8),
	(260, 3, 5),
	(260, 4, 1),
	(260, 4, 6),
	(261, 1, 7),
	(261, 2, 7),
	(261, 3, 7),
	(261, 4, 7),
	(261, 5, 6),
	(263, 2, 4),
	(263, 4, 5),
	(263, 4, 6),
	(263, 5, 7),
	(264, 1, 4),
	(264, 2, 5),
	(264, 5, 4),
	(264, 5, 5),
	(265, 2, 6),
	(266, 1, 5),
	(266, 2, 7),
	(266, 2, 8),
	(266, 4, 7),
	(266, 5, 6),
	(267, 1, 5),
	(267, 2, 1),
	(267, 2, 8),
	(267, 3, 2),
	(267, 4, 6),
	(267, 5, 8),
	(268, 1, 6),
	(268, 2, 7),
	(268, 3, 7),
	(268, 4, 5),
	(268, 5, 2),
	(268, 5, 3),
	(269, 1, 7),
	(269, 2, 6),
	(269, 3, 8),
	(269, 4, 8),
	(269, 5, 2),
	(270, 1, 8),
	(270, 2, 3),
	(270, 2, 4),
	(270, 3, 3),
	(270, 4, 7),
	(270, 5, 6),
	(271, 1, 6),
	(271, 1, 7),
	(271, 1, 8),
	(271, 3, 5),
	(271, 3, 6),
	(271, 3, 7),
	(272, 1, 7),
	(272, 1, 8),
	(272, 2, 7),
	(272, 3, 4),
	(272, 3, 5),
	(272, 4, 6),
	(273, 1, 1),
	(273, 1, 2),
	(273, 2, 1),
	(273, 2, 5),
	(273, 2, 6),
	(273, 3, 6),
	(273, 4, 1),
	(274, 1, 5),
	(274, 3, 1),
	(274, 3, 2),
	(274, 4, 2),
	(274, 4, 3),
	(274, 5, 5),
	(275, 1, 6),
	(275, 2, 8),
	(275, 3, 7),
	(275, 3, 8),
	(275, 4, 7),
	(275, 4, 8),
	(276, 1, 3),
	(276, 1, 4),
	(276, 3, 3),
	(276, 4, 4),
	(276, 5, 7),
	(277, 1, 1),
	(277, 1, 2),
	(277, 1, 3),
	(277, 4, 1),
	(277, 4, 2),
	(277, 4, 3),
	(278, 2, 1),
	(278, 2, 2),
	(278, 2, 3),
	(278, 2, 4),
	(278, 5, 1),
	(278, 5, 2),
	(278, 5, 3),
	(279, 1, 2),
	(279, 1, 3),
	(279, 3, 1),
	(279, 3, 2),
	(279, 3, 3),
	(279, 3, 4),
	(280, 1, 5),
	(280, 1, 6),
	(280, 1, 7),
	(280, 1, 8),
	(280, 3, 1),
	(280, 4, 5),
	(280, 4, 6),
	(280, 4, 7),
	(280, 4, 8),
	(281, 1, 4),
	(282, 2, 1),
	(283, 2, 5),
	(283, 2, 6),
	(283, 2, 7),
	(283, 2, 8),
	(283, 5, 5),
	(283, 5, 6),
	(283, 5, 7),
	(283, 5, 8),
	(284, 1, 1),
	(285, 3, 2),
	(286, 4, 8),
	(287, 2, 8),
	(287, 4, 8),
	(288, 3, 8),
	(289, 2, 7),
	(289, 4, 1),
	(290, 1, 5),
	(290, 2, 5),
	(290, 3, 7),
	(290, 4, 5),
	(290, 5, 5),
	(291, 1, 5),
	(291, 2, 5),
	(291, 3, 5),
	(291, 4, 5),
	(291, 5, 4),
	(292, 2, 5),
	(293, 3, 3),
	(294, 4, 8),
	(295, 2, 5),
	(296, 3, 1),
	(297, 5, 4),
	(299, 2, 7),
	(299, 5, 4),
	(300, 2, 8),
	(300, 4, 7),
	(301, 3, 3),
	(301, 4, 4),
	(302, 3, 4),
	(302, 5, 8),
	(303, 4, 3),
	(303, 5, 4),
	(304, 4, 3),
	(304, 5, 7),
	(305, 2, 4),
	(305, 3, 6),
	(306, 2, 5),
	(306, 3, 6),
	(307, 3, 7),
	(307, 4, 5),
	(308, 4, 8),
	(309, 5, 5),
	(310, 2, 3),
	(311, 3, 4),
	(312, 2, 4),
	(312, 3, 4),
	(313, 2, 2),
	(313, 3, 2),
	(314, 2, 1),
	(314, 3, 8),
	(315, 1, 5),
	(317, 2, 7),
	(318, 1, 7),
	(318, 3, 1),
	(319, 1, 4),
	(319, 3, 6),
	(320, 2, 8),
	(320, 3, 5),
	(321, 4, 2),
	(321, 5, 2),
	(322, 3, 2),
	(322, 3, 3),
	(322, 4, 5),
	(322, 5, 3),
	(323, 2, 7),
	(323, 4, 8),
	(323, 5, 8),
	(324, 3, 5),
	(324, 4, 1),
	(325, 1, 2),
	(325, 4, 4),
	(325, 5, 6),
	(326, 1, 3),
	(326, 4, 7),
	(326, 5, 8),
	(327, 1, 2),
	(327, 2, 6),
	(328, 2, 8),
	(328, 4, 1),
	(328, 5, 6),
	(329, 1, 1),
	(329, 3, 8),
	(329, 4, 3),
	(330, 1, 7),
	(330, 3, 3),
	(330, 3, 4),
	(330, 4, 6),
	(332, 2, 2),
	(332, 3, 5),
	(332, 5, 3),
	(333, 1, 8),
	(333, 3, 7),
	(334, 2, 4),
	(334, 3, 1),
	(334, 4, 8),
	(334, 5, 8),
	(335, 2, 5),
	(335, 3, 3),
	(336, 1, 7),
	(336, 5, 4),
	(337, 5, 1),
	(339, 1, 4),
	(339, 2, 2),
	(339, 3, 4),
	(339, 5, 5),
	(340, 1, 1),
	(340, 2, 7),
	(340, 5, 1),
	(340, 5, 2),
	(341, 2, 6),
	(341, 3, 2),
	(341, 5, 3),
	(341, 5, 5),
	(342, 1, 2),
	(342, 2, 7),
	(342, 4, 6),
	(343, 2, 1),
	(343, 4, 7),
	(343, 5, 6),
	(344, 2, 8),
	(344, 4, 4),
	(345, 1, 6),
	(345, 3, 7),
	(345, 4, 8),
	(345, 5, 8),
	(346, 1, 5),
	(346, 3, 8),
	(346, 4, 2),
	(346, 5, 8),
	(347, 1, 7),
	(347, 3, 6),
	(347, 4, 7),
	(347, 5, 6),
	(348, 1, 8),
	(348, 3, 5),
	(348, 4, 6),
	(348, 5, 5),
	(349, 1, 1),
	(350, 2, 7),
	(351, 1, 4),
	(352, 2, 2),
	(352, 5, 7),
	(353, 1, 3),
	(353, 5, 4),
	(354, 1, 4),
	(354, 5, 6),
	(355, 1, 7),
	(355, 2, 3),
	(355, 3, 2),
	(356, 2, 5),
	(356, 2, 6),
	(356, 3, 3),
	(357, 1, 6),
	(357, 3, 4),
	(357, 5, 4),
	(358, 1, 5),
	(358, 3, 6),
	(359, 2, 7),
	(360, 2, 4),
	(361, 2, 5),
	(361, 5, 2),
	(362, 4, 8),
	(362, 5, 7),
	(363, 2, 6),
	(363, 5, 8),
	(364, 3, 1),
	(364, 4, 5),
	(364, 5, 5),
	(365, 2, 4),
	(365, 3, 4),
	(365, 5, 3),
	(366, 1, 7),
	(366, 2, 8),
	(367, 1, 6),
	(367, 2, 4),
	(367, 3, 5),
	(368, 1, 8),
	(368, 4, 5),
	(369, 1, 4),
	(369, 3, 3),
	(370, 1, 3),
	(370, 4, 4),
	(371, 3, 2),
	(371, 4, 6),
	(378, 1, 6),
	(379, 1, 1),
	(380, 1, 2),
	(381, 4, 4),
	(381, 5, 1),
	(382, 4, 8),
	(382, 5, 5),
	(383, 4, 6),
	(383, 5, 3),
	(389, 1, 2),
	(389, 4, 5),
	(390, 1, 3),
	(390, 3, 4),
	(392, 2, 4),
	(392, 4, 7),
	(393, 2, 3),
	(393, 3, 5),
	(393, 5, 5),
	(394, 2, 1),
	(394, 5, 3),
	(395, 2, 2),
	(395, 4, 4),
	(395, 5, 2),
	(396, 5, 1),
	(397, 2, 3),
	(397, 5, 1),
	(398, 2, 6),
	(400, 2, 7),
	(400, 3, 2),
	(400, 5, 5),
	(401, 2, 2),
	(401, 3, 4),
	(401, 4, 7),
	(401, 5, 7),
	(403, 4, 4),
	(404, 4, 3),
	(405, 4, 2),
	(406, 1, 6),
	(406, 3, 2),
	(406, 5, 5),
	(407, 1, 8),
	(407, 3, 1),
	(584, 3, 1),
	(592, 2, 8),
	(592, 5, 6),
	(593, 3, 2),
	(593, 5, 8),
	(594, 1, 5),
	(595, 5, 7),
	(596, 4, 4),
	(597, 3, 3),
	(598, 1, 8),
	(599, 3, 1);
/*!40000 ALTER TABLE `imparte` ENABLE KEYS */;

-- Volcando estructura para tabla secundaria.materia
CREATE TABLE IF NOT EXISTS `materia` (
  `idmat` varchar(10) CHARACTER SET utf8 COLLATE utf8_spanish_ci NOT NULL,
  `nommat` varchar(50) CHARACTER SET utf8 COLLATE utf8_spanish_ci DEFAULT NULL,
  `grado` int(11) DEFAULT NULL,
  `status` tinyint(4) DEFAULT NULL,
  PRIMARY KEY (`idmat`)
) ENGINE=InnoDB DEFAULT CHARSET=utf8 COLLATE=utf8_unicode_ci;

-- Volcando datos para la tabla secundaria.materia: ~29 rows (aproximadamente)
/*!40000 ALTER TABLE `materia` DISABLE KEYS */;
INSERT INTO `materia` (`idmat`, `nommat`, `grado`, `status`) VALUES
	('1011', 'DISEÑO INDUSTRIAL', 1, 1),
	('2011', 'CONFECCION DEL VESTIDO E INDUSTRIA TEXTIL', 1, 1),
	('3011', 'DISEÑO DE CIRCUITOS ELECTRICOS', 1, 1),
	('4011', 'INFORMATICA', 1, 1),
	('5011', 'ADMINISTRACION CONTABLE', 1, 1),
	('6011', 'OFIMATICA', 1, 1),
	('A0001', 'ARTES', 3, 1),
	('C001', 'FORMACION CIVICA Y ETICA', 1, 0),
	('G001', 'GEOGRAFIA', 1, 0),
	('H01', 'HISTORIA', 3, 1),
	('M0001', 'ESPAÑOL', 1, 1),
	('M0002', 'INGLES', 1, 1),
	('M0003', 'MATEMATICAS', 1, 1),
	('M0004', 'BIOLOGIA', 1, 1),
	('M0005', 'GEOGRAFIA', 1, 1),
	('M0006', 'FORMACION CIVICA Y ETICA', 1, 1),
	('M0007', 'HISTORIA', 1, 1),
	('M0008', 'EDUC. FISICA', 1, 1),
	('M0009', 'ARTES', 1, 1),
	('M0010', 'EDUCACION SOCIOEMOCIONAL', 1, 1),
	('M0011', 'VIDA SALUDABLE', 2, 1),
	('M0012', 'IGUALDAD DE GÉNERO', 1, 1),
	('M0015', 'FISICA', 2, 1),
	('M0025', 'QUIMICA', 3, 1),
	('M100', 'EDUCACION SOCIOEMOCIONAL', 2, 1),
	('V001', 'VIDA SALUDABLE', 3, 1);
/*!40000 ALTER TABLE `materia` ENABLE KEYS */;

-- Volcando estructura para tabla secundaria.periodo
CREATE TABLE IF NOT EXISTS `periodo` (
  `idp` varchar(10) CHARACTER SET utf8 COLLATE utf8_spanish_ci NOT NULL,
  `descper` varchar(100) CHARACTER SET utf8 COLLATE utf8_spanish_ci DEFAULT NULL,
  `predet` tinyint(4) DEFAULT NULL,
  PRIMARY KEY (`idp`)
) ENGINE=InnoDB DEFAULT CHARSET=utf8 COLLATE=utf8_unicode_ci;

-- Volcando datos para la tabla secundaria.periodo: ~5 rows (aproximadamente)
/*!40000 ALTER TABLE `periodo` DISABLE KEYS */;
INSERT INTO `periodo` (`idp`, `descper`, `predet`) VALUES
	('2017', 'AGOSTO 2017 - JULIO 2018', 0),
	('2018', 'AGOSTO 2018 - JULIO 2019', 0),
	('2019', 'AGOSTO 2019 - JULIO 2020', 0),
	('2020', 'AGOSTO 2020 - JULIO 2021', 0),
	('2021', 'AGOSTO 2021 - JULIO 2022', 1);
/*!40000 ALTER TABLE `periodo` ENABLE KEYS */;

-- Volcando estructura para tabla secundaria.permisos
CREATE TABLE IF NOT EXISTS `permisos` (
  `rfcp` varchar(13) CHARACTER SET utf8 COLLATE utf8_spanish_ci NOT NULL,
  `idr` int(11) NOT NULL,
  `status` tinyint(4) DEFAULT NULL,
  PRIMARY KEY (`rfcp`,`idr`),
  KEY `idr` (`idr`),
  CONSTRAINT `permisos_ibfk_1` FOREIGN KEY (`rfcp`) REFERENCES `personal` (`rfcp`) ON DELETE CASCADE ON UPDATE CASCADE,
  CONSTRAINT `permisos_ibfk_2` FOREIGN KEY (`idr`) REFERENCES `rol` (`idr`) ON DELETE CASCADE ON UPDATE CASCADE
) ENGINE=InnoDB DEFAULT CHARSET=utf8 COLLATE=utf8_unicode_ci;

-- Volcando datos para la tabla secundaria.permisos: ~89 rows (aproximadamente)
/*!40000 ALTER TABLE `permisos` DISABLE KEYS */;
INSERT INTO `permisos` (`rfcp`, `idr`, `status`) VALUES
	('ADMIN', 1, 1),
	('ADMIN', 2, 1),
	('ADMIN1', 1, 0),
	('ADMIN1', 2, 1),
	('ADMIN2', 1, 1),
	('ADMIN2', 2, 0),
	('ADMIN3', 1, 0),
	('ADMIN3', 2, 1),
	('ANDREA ', 3, 1),
	('ARACELI', 2, 0),
	('ARACELI', 3, 1),
	('COORDINADOR', 1, 1),
	('DIRECTOR', 1, 1),
	('M001', 3, 1),
	('M002', 3, 1),
	('M003', 3, 1),
	('M004', 3, 1),
	('M005', 3, 1),
	('M006', 3, 1),
	('M007', 3, 1),
	('M008', 3, 1),
	('M009', 3, 1),
	('M010', 3, 1),
	('M011', 3, 1),
	('M012', 3, 1),
	('M013', 3, 1),
	('M014', 3, 1),
	('M015', 3, 1),
	('M016', 3, 1),
	('M017', 3, 1),
	('M018', 3, 1),
	('M019', 3, 1),
	('M020', 3, 1),
	('M021', 3, 1),
	('M022', 3, 1),
	('M023', 3, 1),
	('M024', 3, 1),
	('M025', 3, 1),
	('M026', 3, 1),
	('M027', 3, 1),
	('M028', 3, 1),
	('M029', 3, 1),
	('M030', 3, 1),
	('MAGISTERIO', 1, 1),
	('MAGISTERIO', 2, 1),
	('MAGISTERIO', 3, 1),
	('MAGISTERIO', 5, 1),
	('MONTSE', 1, 1),
	('P001', 3, 1),
	('P002', 3, 1),
	('P003', 3, 1),
	('P004', 3, 1),
	('P005', 3, 1),
	('P006', 3, 1),
	('P007', 3, 1),
	('P008', 3, 1),
	('P009', 3, 1),
	('P010', 3, 1),
	('P011', 3, 1),
	('P012', 3, 1),
	('P013', 3, 1),
	('P014', 3, 1),
	('P015', 3, 1),
	('P016', 3, 1),
	('P017', 3, 1),
	('P018', 3, 1),
	('P019', 3, 1),
	('P021', 3, 1),
	('P022', 3, 1),
	('P023', 3, 1),
	('P024', 3, 1),
	('P025', 3, 1),
	('P026', 3, 1),
	('P027', 3, 1),
	('P028', 3, 1),
	('P029', 2, 0),
	('P029', 3, 1),
	('P030', 3, 1),
	('P031', 3, 1),
	('P032', 3, 1),
	('P033', 3, 1),
	('P034', 3, 1),
	('P036', 3, 1),
	('P040', 3, 1),
	('SERGIO', 1, 1),
	('VERA', 1, 1),
	('VIJV', 1, 1),
	('VIJV', 3, 1),
	('VIJV', 5, 1);
/*!40000 ALTER TABLE `permisos` ENABLE KEYS */;

-- Volcando estructura para tabla secundaria.personal
CREATE TABLE IF NOT EXISTS `personal` (
  `rfcp` varchar(13) CHARACTER SET utf8 COLLATE utf8_spanish_ci NOT NULL,
  `nomp` varchar(50) CHARACTER SET utf8 COLLATE utf8_spanish_ci DEFAULT NULL,
  `turno` varchar(1) CHARACTER SET utf8 COLLATE utf8_spanish_ci DEFAULT NULL,
  `passp` varchar(40) CHARACTER SET utf8 COLLATE utf8_spanish_ci DEFAULT NULL,
  PRIMARY KEY (`rfcp`)
) ENGINE=InnoDB DEFAULT CHARSET=utf8 COLLATE=utf8_unicode_ci;

-- Volcando datos para la tabla secundaria.personal: ~78 rows (aproximadamente)
/*!40000 ALTER TABLE `personal` DISABLE KEYS */;
INSERT INTO `personal` (`rfcp`, `nomp`, `turno`, `passp`) VALUES
	('ADMIN', 'MIGUEL ANGEL ARELLANO GARCIA', 'V', 'f0fc9226beb514b84dc732b6ce53b1ea01eb15d3'),
	('ADMIN1', 'CABRERA CRUZ ARELI NAEMI', 'V', '8cb2237d0679ca88db6464eac60da96345513964'),
	('ADMIN2', 'ABIGAIL MARTINEZ', 'V', '8cb2237d0679ca88db6464eac60da96345513964'),
	('ADMIN3', 'YOLANDA CASTRO', 'V', '7110eda4d09e062aa5e4a390b0a572ac0d2c0220'),
	('ANDREA ', 'ANDREA ROSAS MARTINEZ', 'V', '6d061ed81448a51d7aada6e6980893cbb5b0278d'),
	('ARACELI', 'SAUCEDO PINELO ARACELI', 'V', '8cb2237d0679ca88db6464eac60da96345513964'),
	('COORDINADOR', 'MIGUEL ANGEL ARELLANO GARCÍA', 'V', '8cb2237d0679ca88db6464eac60da96345513964'),
	('DIRECTOR', 'SERGIO VILLEGAS RUÍZ', 'M', '8cb2237d0679ca88db6464eac60da96345513964'),
	('M001', 'MARIA CONCEPCION GONZALEZ CARMONA', 'M', '8cb2237d0679ca88db6464eac60da96345513964'),
	('M002', 'GUADALUPE DONAJÍ PÉREZ GONZÁLEZ', 'M', '8cb2237d0679ca88db6464eac60da96345513964'),
	('M003', 'ROCÍO ITZEL SORIANO MARTELL', 'M', '8cb2237d0679ca88db6464eac60da96345513964'),
	('M004', 'HORTENSIA BERMUDEZ JACINTO', 'M', '8cb2237d0679ca88db6464eac60da96345513964'),
	('M005', 'MARÍA ELENA MARTÍNEZ SÁNCHEZ', 'M', '8cb2237d0679ca88db6464eac60da96345513964'),
	('M006', 'MARIANA ANDRADE JIMÉNEZ', 'M', '8cb2237d0679ca88db6464eac60da96345513964'),
	('M007', 'XIMENA CARRILLO PEÑA', 'M', '8cb2237d0679ca88db6464eac60da96345513964'),
	('M008', 'ERIKA GARCIA RODRIGUEZ', 'M', '8cb2237d0679ca88db6464eac60da96345513964'),
	('M009', 'NANCY LETICIA MESTAS GARCÍA', 'M', '8cb2237d0679ca88db6464eac60da96345513964'),
	('M010', 'ANDREA GUADALUPE NAVA BERNAL', 'M', '8cb2237d0679ca88db6464eac60da96345513964'),
	('M011', 'JUAN MANUEL GONZALEZ VILLEDA', 'M', '8cb2237d0679ca88db6464eac60da96345513964'),
	('M012', 'MAYRA MONTAÑO GALICIA', 'M', '8cb2237d0679ca88db6464eac60da96345513964'),
	('M013', 'MACIEL GUADALUPE TORRES GUILLEN', 'M', '8cb2237d0679ca88db6464eac60da96345513964'),
	('M014', 'DULCE JANET GÓMEZ SALGADO', 'M', '8cb2237d0679ca88db6464eac60da96345513964'),
	('M015', 'ARNOLDO ATZAYACATL ARROYO TAMAYO', 'M', '8cb2237d0679ca88db6464eac60da96345513964'),
	('M016', 'JUAN CARLOS MONTES CHAVEZ', 'M', '8cb2237d0679ca88db6464eac60da96345513964'),
	('M017', 'LILIA GARCÍA MÉNDEZ', 'M', '8cb2237d0679ca88db6464eac60da96345513964'),
	('M018', 'ALEXIS ZURISADAI UGALDE GARCIA', 'M', '8cb2237d0679ca88db6464eac60da96345513964'),
	('M019', 'LIDIA EDITH LÓPEZ REYES', 'M', '8cb2237d0679ca88db6464eac60da96345513964'),
	('M020', 'SILVIA HERNÁNDEZ CALLEJAS', 'M', '8cb2237d0679ca88db6464eac60da96345513964'),
	('M021', 'JOSE ANTONIO AYALA LLAMAS', 'M', '8cb2237d0679ca88db6464eac60da96345513964'),
	('M022', 'LUIS ALBERTO TORRES MARTINEZ', 'M', '8cb2237d0679ca88db6464eac60da96345513964'),
	('M023', 'FELICITAS RAMÍREZ HERNANDEZ', 'M', '8cb2237d0679ca88db6464eac60da96345513964'),
	('M024', 'MADAY YOLANDA BORDA PIEDRA', 'M', '8cb2237d0679ca88db6464eac60da96345513964'),
	('M025', 'LUIS ISRAEL CAZARES QUIROZ', 'M', '8cb2237d0679ca88db6464eac60da96345513964'),
	('M026', 'GRISSELLE ESCOBAR DUBON', 'M', '8cb2237d0679ca88db6464eac60da96345513964'),
	('M027', 'CARLOS HUEMAC ESPINDOLA MARTINEZ', 'M', '8cb2237d0679ca88db6464eac60da96345513964'),
	('M028', 'GABRIELA BIBIANA FERNANDEZ FLORES', 'M', '8cb2237d0679ca88db6464eac60da96345513964'),
	('M029', 'VICTOR EMILIO DOMÍNGUEZ BLANCAS', 'M', '8cb2237d0679ca88db6464eac60da96345513964'),
	('M030', 'LIZBETH GOMEZ BLANQUEL', 'M', '8cb2237d0679ca88db6464eac60da96345513964'),
	('MAGISTERIO', 'CARLOS CANDELARIO', 'V', '42cbc0c18cceb7d53c0ab3f1d1e4fe1fe13bea6e'),
	('MONTSE', 'MAYRA MONTSERRAT ZÚÑIGA VERA', 'M', '8cb2237d0679ca88db6464eac60da96345513964'),
	('P001', 'JORGE LUIS OCAMPO', 'V', 'a18a141672f1ae73bb7b5a928cba10df18c9d7a6'),
	('P002', 'ESLY ORDOÑEZ NAVARRO', 'V', '8cb2237d0679ca88db6464eac60da96345513964'),
	('P003', 'XIMENA  CARRILLO PEÑA', 'V', '58b88136ee454e7178eb5c2fb6fec90f8b2a025c'),
	('P004', 'MARIA DEL ROCIO  REYES ', 'V', 'be058c4c5c2f9cc56cde768b00598f6fb97fdd8e'),
	('P005', 'ALLYSON AGUILAR GONZÁLEZ', 'V', '5cecddd3487ad31ee7b5ccc2ec69c755b19f6660'),
	('P006', 'CLARET GUADALUPE MONTES', 'V', '8cb2237d0679ca88db6464eac60da96345513964'),
	('P007', 'MARIA DE LA LUZ HERNANDEZ', 'V', '7110EDA4D09E062AA5E4A390B0A572AC0D2C0220'),
	('P008', 'OLDAIR OSCAR SOSA', 'V', '5594c9763e8737806ef02954d0570de3152e2dbe'),
	('P009', 'SILVIA HERNANDEZ CALLEJAS', 'V', '7110eda4d09e062aa5e4a390b0a572ac0d2c0220'),
	('P010', 'MA. DEL ROSARIO ARELLANES', 'V', '8cb2237d0679ca88db6464eac60da96345513964'),
	('P011', 'BLANCA ROSARIO FLORES', 'V', 'e2ea0f5bd6a4d1b8d28cb5e105e49e46558ff23b'),
	('P012', 'JOSELINE DAYANA PLATA', 'V', '38a1c3b4621c3e85979e030c5581c3bf5545fa79'),
	('P013', 'ERIKA GARCIA RODRIGUEZ', 'V', 'fa1ffb9a11d15e8ce00cb3923a3290a7fba97b1e'),
	('P014', 'GLADYS ROSA HERNANDEZ', 'V', '8cb2237d0679ca88db6464eac60da96345513964'),
	('P015', 'MARIA ISABEL RODRIGUEZ SION', 'V', '8cb2237d0679ca88db6464eac60da96345513964'),
	('P016', 'SILVIA MARTINEZ VENTURA', 'V', '7110EDA4D09E062AA5E4A390B0A572AC0D2C0220'),
	('P017', 'ANGEL GASCA BORJA', 'V', 'f8167327aeebeab80fe3c83322fa805bc8615637'),
	('P018', 'HORTENSIA BERMUDEZ JACINTO', 'V', '7110EDA4D09E062AA5E4A390B0A572AC0D2C0220'),
	('P019', 'MARIA DE LOS ANGELES ', 'V', '8cb2237d0679ca88db6464eac60da96345513964'),
	('P021', 'DIANA IVETTE ROBOLLEDO', 'V', '7110EDA4D09E062AA5E4A390B0A572AC0D2C0220'),
	('P022', 'GUADALUPE DONAJI PEREZ', 'V', '7110EDA4D09E062AA5E4A390B0A572AC0D2C0220'),
	('P023', 'MAYRA DANNAE BAÑUELOS', 'V', '7110EDA4D09E062AA5E4A390B0A572AC0D2C0220'),
	('P024', 'LILIA GARCIA MENDEZ', 'V', '45331ef84165978d51ba3285382cf1fdc3abba0d'),
	('P025', 'JAVIER EDUARDO NAVARRETE', 'V', '8cb2237d0679ca88db6464eac60da96345513964'),
	('P026', 'VICTOR EMILIO DOMINGUEZ BLANCAS', 'V', 'ef8663174fe799e3334afe95f035bdd76b728567'),
	('P027', 'LESLY RAMOS TRUJILLO', 'V', '8cb2237d0679ca88db6464eac60da96345513964'),
	('P028', 'JESUS DAVID LOPEZ', 'V', '7daf4f54560af66459bd43fb7d7a34fb968b7d02'),
	('P029', 'ALEJANDRA  REYES PLATA', 'V', '1dfbbdcf33dc6dd01df143a220f3873558369677'),
	('P030', 'GRISSELLE ESCOBAR DUBON', 'V', '7110EDA4D09E062AA5E4A390B0A572AC0D2C0220'),
	('P031', 'OMAR BAHENA MENDOZA', 'V', '8216b6a52fcc63b412277548c8d45d096e0f7920'),
	('P032', 'GUSTAVO REYES  GONZALEZ', 'V', '7110eda4d09e062aa5e4a390b0a572ac0d2c0220'),
	('P033', 'OSCAR IVAN SANCHEZ MEJIA', 'V', 'b37f818361810445a373c3ad4bb5e0735a2db75b'),
	('P034', 'GUSTAVO CHALICO OLIVA', 'V', 'f8e84cb9aabcc165cff09735cc3555194b4a1cbd'),
	('P036', 'GUADALUPE LLINAS PEREZ', 'V', '7110eda4d09e062aa5e4a390b0a572ac0d2c0220'),
	('P040', 'MONSERRATH ZUÑIGA VEGA', 'V', 'acae8d57367b308a3dae6fb30750247eb7e4d492'),
	('SERGIO', 'SERGIO VILLEGAS', 'V', '8cb2237d0679ca88db6464eac60da96345513964'),
	('VERA', 'MAYRA GABRIELA VERA PORTILLO', 'M', '8cb2237d0679ca88db6464eac60da96345513964'),
	('VIJV', 'VICENTE JIMENEZ VICTOR IVAN', 'M', 'db5987452717e2ffef845ab2d6c329551294a18b');
/*!40000 ALTER TABLE `personal` ENABLE KEYS */;

-- Volcando estructura para tabla secundaria.reloj
CREATE TABLE IF NOT EXISTS `reloj` (
  `idr` int(11) NOT NULL,
  `hora` varchar(15) CHARACTER SET utf8 COLLATE utf8_spanish_ci DEFAULT NULL,
  `turno` varchar(2) COLLATE utf8_unicode_ci DEFAULT NULL,
  PRIMARY KEY (`idr`)
) ENGINE=InnoDB DEFAULT CHARSET=utf8 COLLATE=utf8_unicode_ci;

-- Volcando datos para la tabla secundaria.reloj: ~16 rows (aproximadamente)
/*!40000 ALTER TABLE `reloj` DISABLE KEYS */;
INSERT INTO `reloj` (`idr`, `hora`, `turno`) VALUES
	(1, '14:00-14:50', 'V'),
	(2, '14:50-15:40', 'V'),
	(3, '15:40-16:30', 'V'),
	(4, '16:30-17:20', 'V'),
	(5, '17:40-18-30', 'V'),
	(6, '18:30-19:20', 'V'),
	(7, '19:20-20:10', 'V'),
	(8, '20:10-21:00', 'V'),
	(9, '07:00-07:50', 'M'),
	(10, '07:50-08:40', 'M'),
	(11, '08:40-09:30', 'M'),
	(12, '09:30-10:20', 'M'),
	(13, '10:40-11:30', 'M'),
	(14, '11:30-12:20', 'M'),
	(15, '12:20-13:10', 'M'),
	(16, '13:10-14:00', 'M');
/*!40000 ALTER TABLE `reloj` ENABLE KEYS */;

-- Volcando estructura para tabla secundaria.rol
CREATE TABLE IF NOT EXISTS `rol` (
  `idr` int(11) NOT NULL,
  `tipo` varchar(100) CHARACTER SET utf8 COLLATE utf8_spanish_ci DEFAULT NULL,
  PRIMARY KEY (`idr`)
) ENGINE=InnoDB DEFAULT CHARSET=utf8 COLLATE=utf8_unicode_ci;

-- Volcando datos para la tabla secundaria.rol: ~5 rows (aproximadamente)
/*!40000 ALTER TABLE `rol` DISABLE KEYS */;
INSERT INTO `rol` (`idr`, `tipo`) VALUES
	(1, 'Administrador'),
	(2, 'Académico'),
	(3, 'Docente'),
	(4, 'Prefecto'),
	(5, 'Super Usuario');
/*!40000 ALTER TABLE `rol` ENABLE KEYS */;

-- Volcando estructura para tabla secundaria.semana
CREATE TABLE IF NOT EXISTS `semana` (
  `idia` int(11) NOT NULL,
  `dia` varchar(10) CHARACTER SET utf8 COLLATE utf8_spanish_ci DEFAULT NULL,
  PRIMARY KEY (`idia`)
) ENGINE=InnoDB DEFAULT CHARSET=utf8 COLLATE=utf8_unicode_ci;

-- Volcando datos para la tabla secundaria.semana: ~5 rows (aproximadamente)
/*!40000 ALTER TABLE `semana` DISABLE KEYS */;
INSERT INTO `semana` (`idia`, `dia`) VALUES
	(1, 'LUNES'),
	(2, 'MARTES'),
	(3, 'MIERCOLES'),
	(4, 'JUEVES'),
	(5, 'VIERNES');
/*!40000 ALTER TABLE `semana` ENABLE KEYS */;

-- Volcando estructura para tabla secundaria.taller
CREATE TABLE IF NOT EXISTS `taller` (
  `idt` varchar(10) CHARACTER SET utf8 COLLATE utf8_spanish_ci NOT NULL,
  `nomt` varchar(100) CHARACTER SET utf8 COLLATE utf8_spanish_ci DEFAULT NULL,
  PRIMARY KEY (`idt`)
) ENGINE=InnoDB DEFAULT CHARSET=utf8 COLLATE=utf8_unicode_ci;

-- Volcando datos para la tabla secundaria.taller: ~6 rows (aproximadamente)
/*!40000 ALTER TABLE `taller` DISABLE KEYS */;
INSERT INTO `taller` (`idt`, `nomt`) VALUES
	('1011', 'DISEÑO INDUSTRIAL'),
	('2011', 'CONFECCION DEL VESTIDO E INDUSTRIA TEXTIL'),
	('3011', 'DISEÑO DE CIRCUITOS ELECTRICOS'),
	('4011', 'INFORMATICA'),
	('5011', 'ADMINISTRACION CONTABLE'),
	('6011', 'OFIMATICA');
/*!40000 ALTER TABLE `taller` ENABLE KEYS */;

-- Volcando estructura para tabla secundaria.trimestre
CREATE TABLE IF NOT EXISTS `trimestre` (
  `trim` int(11) NOT NULL,
  `dest` varchar(50) CHARACTER SET utf8 COLLATE utf8_spanish_ci DEFAULT NULL,
  PRIMARY KEY (`trim`)
) ENGINE=InnoDB DEFAULT CHARSET=utf8 COLLATE=utf8_unicode_ci;

-- Volcando datos para la tabla secundaria.trimestre: ~5 rows (aproximadamente)
/*!40000 ALTER TABLE `trimestre` DISABLE KEYS */;
INSERT INTO `trimestre` (`trim`, `dest`) VALUES
	(1, '1er Trimestre'),
	(2, '2o Trimestre'),
	(3, '3er Trimestre'),
	(4, 'Abierto'),
	(5, 'Cerrado');
/*!40000 ALTER TABLE `trimestre` ENABLE KEYS */;

/*!40101 SET SQL_MODE=IFNULL(@OLD_SQL_MODE, '') */;
/*!40014 SET FOREIGN_KEY_CHECKS=IFNULL(@OLD_FOREIGN_KEY_CHECKS, 1) */;
/*!40101 SET CHARACTER_SET_CLIENT=@OLD_CHARACTER_SET_CLIENT */;
/*!40111 SET SQL_NOTES=IFNULL(@OLD_SQL_NOTES, 1) */;
